crop,soil_ph,avg_temp_c,humidity_pct,rainfall_mm,fertilizer_kg_per_ha,irrigation_mm,yield_t_per_ha
groundnut,6.69,25.58,45,210.74,133.43,200.01,5.568
cotton,6.73,28.4,40.35,58.07,181.19,379.9,5.259
cotton,6.74,24.5,89.16,213.37,264.99,576.22,4.452
wheat,5.7,29.63,62.01,92.71,173.79,124.07,6.827
soybean,6.35,21.54,68.39,60.96,260.57,414.83,4.863
groundnut,5.59,23.53,59.43,144.97,257.18,349.73,5.102
cotton,5.83,18.27,61.17,188.21,123.37,109.86,4.287
maize,5.73,32.67,71.16,165.81,65.89,317.69,6.981
sugarcane,6.44,20.03,75.66,316.27,190.32,639.68,74.485
groundnut,7.29,26.08,68.16,293.43,84.83,523.09,3.883
groundnut,6.08,20.74,86.48,332.84,208.35,710.02,4.781
soybean,6.21,33.42,53.61,276.69,50.13,346.8,5.143
maize,5.94,20.04,56.88,380.02,130.8,463.15,6.191
wheat,6.92,20.52,89.89,143.37,294.15,387.73,5.85
groundnut,5.79,26.32,89.28,134.72,218.03,633.13,5.232
sugarcane,5.68,32.2,56.04,115.28,60.19,513.63,72.572
maize,6.2,19.64,87.03,189.15,179.44,686.4,7.888
rice,6.82,31.89,67.76,235.38,110.46,165.17,7.79
cotton,6.06,29.91,82.33,349.71,151.13,721.44,4.843
soybean,5.51,20.73,67.44,292.16,212.99,256.99,4.093
wheat,6.23,30.65,76.05,157.82,185.64,456.17,4.29
soybean,6.76,31.51,65.13,251.92,173.13,236.67,6.319
sugarcane,5.59,34.91,63.5,147.85,270.87,623.4,72.776
soybean,6.09,24.55,82.56,160.92,92.37,489.76,6.791
groundnut,5.92,29.41,57.93,138.96,123.82,325.79,5.951
rice,7.33,26.69,65.08,329.4,212.49,591.38,8.535
soybean,5.69,27.83,41.8,212.96,185.66,300.58,5.159
cotton,6.15,32.07,53.58,387.84,164.32,689.42,3.487
cotton,5.77,34.48,75.73,64.37,149.71,403.46,3.796
rice,6.32,20.95,47.82,137.59,187.31,600.22,8.325
sugarcane,6.61,28.4,60.98,136.71,138.99,630.49,72.967
cotton,6.19,25.9,72.49,66.82,287.29,720.68,4.451
cotton,7.21,29.2,48.15,74.7,210.6,118.56,4.517
cotton,6.59,34,59.31,386.42,276.34,237.05,4.384
sugarcane,6.74,23.72,72.79,184.89,220.4,338.44,71.242
rice,6.97,31.66,54.1,112.1,237.65,664.78,7.071
wheat,6.66,32.74,68.09,133.51,219.96,617.94,5.475
wheat,7.29,24.62,40.54,366.88,72.82,323.52,5.722
soybean,5.67,19.56,70.12,243.8,103.18,762.34,5.142
sugarcane,6.38,33.09,57.55,90.97,85.75,633.06,72.066
cotton,5.95,24.74,84.59,101.31,178.33,263.26,5.669
soybean,7.01,24.4,44.18,322,189.6,396.96,6.641
rice,6.31,27.72,77.05,318.52,255.7,620.95,5.669
wheat,5.95,34.37,40.61,389.46,60.79,723.8,6.154
soybean,6.89,19.28,48.31,125.88,123.62,797.08,5.653
groundnut,7.28,25.75,71.01,147.08,97.03,424.59,5.15
rice,6.02,25.71,41.62,147.92,152.8,521.95,5.525
maize,6.73,25.11,86.64,353.12,61.3,118.46,8.642
wheat,6.25,30.74,59.65,340.21,192.27,144.46,7.047
sugarcane,7.39,32.44,52.37,207.69,82.29,767.84,74.321
sugarcane,5.59,22.57,41.11,224.36,169.05,681.96,72.913
cotton,5.77,18.49,77.76,267.11,226.02,249.07,4.658
soybean,6.77,27.43,44.55,304.24,186.86,415.64,5.741
rice,7.35,26.37,52.91,210.7,295.01,444.83,7.566
sugarcane,6.57,25.82,69.24,190.11,224.42,226.05,71.572
maize,5.95,31.97,57.25,171.67,57.95,484.1,8.6
sugarcane,6.51,29.74,41.97,329.79,206.98,157.23,71.831
wheat,6.57,33.71,51.81,315.98,182.82,604.36,5.813
rice,7.29,26.7,66.61,87.51,161.85,472.83,5.531
sugarcane,5.68,27.1,51.66,170.02,168.49,348.57,72.022
wheat,6.67,30.67,61.58,94.65,120.94,354.16,5.773
maize,5.7,20.6,52.3,106.24,96.64,299.57,8.662
groundnut,5.54,29.85,89.86,363.81,194,742.18,4.872
soybean,6.06,31.08,49.35,163.29,156.36,455.33,5.819
wheat,5.67,26.6,86.6,162.22,198.47,358.46,7.117
rice,6.01,29.59,78.01,258.47,167.89,388.29,7.078
soybean,6.32,33.86,89.55,121.75,144.81,748.51,5.092
sugarcane,7.13,29.31,66.15,175.59,269.3,374.71,71.29
groundnut,6.58,25.46,68.87,174.38,147.87,472.3,5.523
maize,7.09,28.54,66.67,362.86,247.15,206.17,7.502
wheat,5.91,30.14,64.7,314.12,75.73,475.54,5.981
cotton,5.96,30.28,76,274.4,223.49,479.91,3.525
maize,6.19,21.86,61.18,150.78,203.74,738.3,8.781
maize,7.34,30.02,47.63,251.7,201.68,396.89,8.246
sugarcane,5.75,22.01,48.28,115.21,259.37,332.5,72.22
groundnut,7.11,18.08,56.67,189.36,184.35,743.9,4.188
rice,6.67,18.56,85.64,136.88,194.41,215.86,6.787
rice,7.42,20.53,60.73,79.87,299.22,451.54,5.853
wheat,7.1,23.94,63.41,268.74,144.43,685.6,4.942
maize,6.3,27.51,47.76,113.67,265.45,762.28,7.54
rice,5.55,20.65,75.8,280.62,56.77,255.38,6.466
sugarcane,7.27,27.46,76.04,331.86,297.18,522.24,72.202
soybean,5.91,22.98,84.82,54.55,71.38,245.52,5.058
rice,7.15,24.17,41.71,340.73,136.3,641.68,7.902
wheat,7.03,20.38,83.42,220.6,273.64,659.9,6.026
soybean,5.94,28.97,61.09,96.3,275.14,583.86,5.456
sugarcane,6.65,22.66,67.71,278,257.44,244.49,72.073
wheat,6.31,31.11,61.1,173.85,289.66,229.06,6.835
sugarcane,6.08,24.05,75.95,153.99,191.6,433.24,72.343
sugarcane,5.82,32.31,82.32,384.33,88.67,536.33,72.262
rice,6.49,29.7,61.74,136.24,254.78,659.59,5.399
rice,7.42,31.43,74.53,232.46,71.68,770.72,6.396
maize,6.88,32.44,52.48,221.3,105.3,791.37,8.55
groundnut,5.74,30.43,49.63,90.35,155.44,656.74,5.149
groundnut,7.16,18.63,69.81,130.5,80.14,153.87,5.73
groundnut,6.58,29.25,76.89,232.06,156.7,713.67,5.905
rice,7.25,26.99,86.95,329.57,299.48,345.5,5.51
sugarcane,6.3,19.56,56.82,232.88,233.07,102.34,72.616
sugarcane,5.97,18.72,40.89,395.7,156.94,369.03,71.382
rice,7.46,33.03,70.04,366.3,297.3,620.35,7.26
cotton,6.72,26.72,51.53,111.78,105.12,230.51,4.401
sugarcane,6.69,26.93,53.01,230.34,172.8,797.44,72.77
maize,6.57,28.08,69,82.02,269.37,285.92,7.516
sugarcane,5.51,29.83,42.44,236.41,290.53,176.63,72.613
cotton,6.46,28.07,81.23,171.73,219.5,496.01,4.236
maize,5.82,23.68,51.93,375.53,76.46,589.29,7.332
cotton,5.56,32.04,46.44,167.29,235.88,212.53,4.751
sugarcane,6.15,27.52,45.79,181.84,52.27,673.08,71.316
soybean,7.18,24.67,48.97,313.79,247.2,221.63,4.078
wheat,5.59,32.82,88.67,389.11,237.41,191.06,5.842
sugarcane,6.24,31.92,52.63,50.36,89.73,427.98,72.11
sugarcane,6.86,29.13,53.66,382.8,87.76,402.63,72.365
sugarcane,7.02,25.52,55.6,162.26,231.11,622.09,74.232
cotton,5.82,21.46,44.56,103.78,163.42,471.25,4.458
groundnut,7.34,28.48,79.83,218.53,79.33,187.63,4.306
soybean,6.15,28.03,61.66,394.52,87.4,425.22,4.784
soybean,6.08,29.81,83.01,322.95,59.9,436.35,4.757
wheat,5.92,23.88,78.79,379.43,68.1,473.97,5.391
wheat,6.29,20.26,68.38,291.31,250.15,240.11,5.067
soybean,6.1,33.9,87.37,268.86,245.86,528.58,5.649
groundnut,7.13,25.69,72.18,234.24,232.9,157.14,4.653
groundnut,5.54,29.11,56.62,239.87,173.32,157.07,4.016
maize,6.02,25.86,83.41,304.51,235.68,397.85,6.373
cotton,6.68,18.5,59.78,262.17,199.43,655.07,4.099
groundnut,5.92,28.59,71.58,306.59,82.89,601.08,5.518
sugarcane,6.69,27.85,73.13,83.34,213.03,318.5,71.654
cotton,7.05,20.22,88.49,208.83,109.01,151.45,3.981
rice,6.68,34.13,52.63,175.74,144.84,523.88,6.109
groundnut,7.11,27.95,83.41,122.04,77.98,288.82,5.897
cotton,5.86,19.51,45.17,254.63,222.05,378.17,3.25
rice,6.78,32.75,62.74,230.46,172.21,566.8,7.786
rice,6.96,20.65,51.73,387.17,113.83,563.14,6.048
groundnut,6.74,32.77,68.53,60.64,282.74,582.67,5.918
soybean,6.82,34.99,42.41,392.01,151.73,709.53,4.717
wheat,6.8,31.01,86.28,203.36,275.34,714.52,4.785
wheat,6.15,24.23,59.81,293.41,147.14,414.09,4.619
wheat,6.67,20.86,72.13,315.77,175.11,479.65,4.931
cotton,6.94,34.24,40.91,118.52,51.89,553.23,5.345
cotton,5.89,26.15,49.73,108.22,204.34,466.16,5.427
cotton,6.93,22.63,60.68,92.66,95.29,576.78,4.493
rice,7.09,21.15,85.89,198.58,71.76,671.02,6.765
groundnut,7.27,21.88,50.6,263.84,152.76,687.9,5.888
wheat,7.15,25.2,73.38,83.44,205.96,416.24,5.16
maize,5.86,23.31,51.51,122.17,209.49,279.82,8.165
sugarcane,5.77,29.82,60.22,199.87,229.4,584.71,73.247
rice,6.79,28.13,60.06,178.43,135.89,532.01,7.254
sugarcane,5.97,27.18,84,277.81,183.24,327.03,72.681
groundnut,6.39,23.67,69.02,81.07,290.42,544.47,5.06
groundnut,6.4,30.85,57.38,282.72,248.86,749.02,4.153
soybean,7.18,26.86,71.18,81.19,238.82,189.4,5.899
cotton,6.11,22.47,58.01,80.67,284.24,487.66,4.377
groundnut,7.07,27.77,68.33,186.86,175.29,378.03,5.586
soybean,7.24,31.7,79.5,156.64,70.23,382.09,5.968
rice,6.65,26.15,55.69,262.23,84.8,728.78,7.801
soybean,5.79,24.25,43.41,59.03,83.79,774.18,4.394
cotton,5.71,28.89,50.8,266.86,212.55,206.42,4.017
maize,6.47,30.82,70.97,154.07,157.58,219.47,6.618
cotton,5.97,21.75,48.69,279.5,262,607.02,4.332
sugarcane,6.24,25.04,81.38,306.77,242.33,107.72,72.525
soybean,5.88,28.52,56.18,342.01,207.32,239.2,4.959
sugarcane,6.6,25.72,82.22,84.33,172.06,205.03,73.12
maize,7.07,33.17,87.77,325.42,128.85,581.69,6.825
cotton,6.01,31.28,81.26,223.41,146.59,415.09,4.015
groundnut,6.52,29.56,42.08,79.68,229.08,150.46,5.028
maize,6.21,23.04,57.49,321.13,215.34,229.64,7.679
rice,6.09,31.08,71.23,183.68,101.42,184.97,6.017
soybean,6.46,33.23,56.11,93.83,168.58,179.77,4.757
cotton,6.7,19.62,58.8,242.53,147.16,214.58,2.839
cotton,7.27,28.98,54.3,335.58,265.34,692.56,3.203
sugarcane,6.62,21.07,42.69,162.02,238.3,288.53,72.819
cotton,6.95,31.9,50.68,227.05,260.18,612.96,3.536
maize,7.25,28.82,78.06,106.03,165.39,106.53,7.653
wheat,5.89,32.96,72.88,158.83,235.59,670.58,7.013
sugarcane,7.18,32.16,40.55,312.34,239.67,574.87,73.249
maize,5.75,24.55,72.17,323.14,104.3,196.48,7.873
sugarcane,6.78,19.1,69,246.52,190.17,522.44,71.674
rice,6.14,28.82,47.45,293.4,236.48,787.38,6.586
maize,6.37,19.51,51.03,259.38,233.92,798.84,6.627
cotton,6.49,21.03,74.3,396.89,236.8,617.99,4.008
maize,6.05,26.81,54.94,379.24,114.82,400.76,6.446
maize,6.37,33.94,75.3,270.91,62.46,732.74,7.212
cotton,5.77,30.77,72.85,384.82,67.24,139.94,4.673
soybean,7.07,34.57,58.56,200.11,261.2,287.7,3.641
maize,6.56,24.99,57.37,364.94,55.46,564.65,6.67
cotton,7.16,31.39,71.22,223.07,294.89,201.48,3.811
wheat,6.2,19.94,47.56,128.86,112.74,695.43,6.717
groundnut,6.31,27.22,79.58,242.09,203.23,258.3,5.454
sugarcane,6.42,25,72.55,240.9,65.57,458.75,74.17
cotton,6.49,23.78,83.61,240.7,239.61,627.88,4.776
soybean,7.04,18.46,43.26,212.38,277.31,477.09,5.116
cotton,6.29,19.59,62.05,118.46,96.68,165.83,5.114
sugarcane,7.33,27.06,47.9,293.56,248.32,321.73,72.693
maize,6.51,28.17,41.67,177.29,233.16,674.26,7.577
soybean,6.51,34.44,60.89,394.44,216.98,544.27,4.8
cotton,5.76,29.68,44.65,60.28,255.74,246.83,6.084
cotton,6.92,23.34,63.56,337.57,164.82,350.46,5.473
rice,5.99,19.92,44.36,301.68,155.03,733.75,7.457
maize,7.18,26.01,88.96,271.95,81.57,573.32,7.89
rice,5.83,29.14,89.59,75.43,69.27,338.27,5.815
groundnut,6.81,33.95,83.56,318.12,247.11,565.49,4.131
rice,5.84,24.63,58.98,129.36,145.4,190.19,7.102
maize,7.34,22.76,82.92,152.28,277.69,627.77,6.973
wheat,6.62,28.68,66.63,272.28,162.46,252.91,6.704
soybean,6.99,18.82,85.14,348.29,216.95,515.26,4.846
wheat,7.18,22.85,61.46,143.72,247.29,501.34,6.638
sugarcane,7.32,29.38,81.46,357.64,192.94,462.21,71.988
groundnut,5.78,23.79,48.24,109.7,287.03,411.67,5.049
groundnut,6.48,29.09,87.53,260.23,235.9,454.39,5.048
groundnut,5.58,28.27,85.37,133.6,167.41,415.33,5.6
soybean,6.53,18.09,40.38,126.67,59.18,175.62,4.369
rice,6.29,18.75,53.89,335.84,121.14,672.74,6.522
groundnut,7.49,20.24,53.74,188.1,155.46,387.71,6.17
sugarcane,7.15,34.24,81.06,50.55,209.1,135.79,73.174
rice,5.68,28.14,67.48,365.11,151.06,324.76,7.711
wheat,6.22,28.09,40.51,272.63,278.32,528.8,7.247
maize,7.48,31.94,74.74,236.37,162.21,159.07,8.463
groundnut,6.19,30.4,72.61,345.96,223.12,400.95,3.704
sugarcane,6.27,25.65,68.96,315.77,74.72,722.76,73.185
rice,6.55,26.7,48.28,276.01,61.19,633.33,5.73
rice,5.64,24.96,55.56,286.99,201.44,355.22,6.98
cotton,5.83,34.52,51.42,392.11,182.98,195.05,4.142
maize,7.01,25.79,54.46,365.03,79.03,769.14,6.321
sugarcane,6.59,19.5,70.34,103.05,57.73,779.52,73.705
sugarcane,6.1,22.41,49.73,70.18,135.61,289.17,72.634
cotton,6.67,35,47.53,335.86,101.83,647.67,4.465
soybean,6.29,18.67,63.78,240.06,106.94,774.82,5.205
sugarcane,5.58,30.68,67.47,70.21,220.19,426.75,72.374
cotton,6.25,22.86,50.16,316.63,146.64,457.89,5.117
wheat,6.41,25.54,70.11,256.99,251.65,433.54,6.085
groundnut,6.75,33.75,40.96,216.9,221.93,605.89,5.663
soybean,7.14,23.67,76.65,235,248.35,793.38,5.311
sugarcane,7.04,29.2,78.31,346.07,203.4,162.02,72.646
wheat,5.55,23.2,67.46,271.23,194.26,588.43,6.423
wheat,5.6,19.24,60.14,153.35,108.1,296.7,6.702
groundnut,6.14,26.1,51.3,274.17,294.75,522.45,6.78
soybean,6.41,31.96,67.73,272.98,181.57,424.22,4.648
soybean,6.54,20.43,78.77,144.99,174.17,298.99,5.997
maize,5.88,31.31,75.75,257.72,273.93,508.29,6.177
wheat,7.36,32.05,46.5,247.74,266.64,500.27,5.128
cotton,6.63,33.81,82.21,286.55,84.78,277.96,3.436
maize,7.4,29.94,54.9,86.88,245.46,550.9,8.529
groundnut,5.92,24.27,58.49,68.32,241.89,391.55,4.946
sugarcane,7.24,30.42,72.39,328.68,238.51,125.16,72.58
cotton,6.29,30.12,49.96,361.58,121.85,357.45,4.776
wheat,5.7,29.7,52.09,368.87,259.57,596.57,6.641
cotton,7.43,26.82,73.88,159.15,243.5,641.05,4.409
cotton,7.04,31.72,46.01,142.95,54.39,305.32,4.343
cotton,6.83,27.32,83.96,286.45,186.74,680.83,5.35
groundnut,6.11,19.12,51.41,136.31,171.02,623.21,5.371
rice,6.8,28.96,68.06,321.92,101.25,607.94,7.282
groundnut,6.66,20.5,80.56,272.58,147.04,571.89,4.826
cotton,5.62,29.73,74.5,375.71,174.33,261.18,4.042
soybean,6.21,34.13,88.12,267.32,282.17,632.6,4.486
groundnut,5.92,18.85,82.18,393.42,248.29,697.65,4.068
cotton,6.5,24.91,87.65,232.89,104.78,421.27,4.193
wheat,7.01,20.75,63.85,301.42,111.84,548.43,7.757
groundnut,7.21,28.25,81.77,324.55,144.25,486.39,6.441
groundnut,5.56,26.18,73.12,91.48,122.22,378.49,5.216
maize,6.46,28.8,44.54,61.42,64.43,411.06,8.479
sugarcane,6.81,22.09,49.58,371.38,75.45,454.17,71.489
maize,5.8,29.55,51.24,200.98,229.79,494.33,7.548
maize,7.39,33.17,60.97,323.13,169.08,448.28,7.13
cotton,6.69,18.56,71.8,177.52,123.81,715.65,3.153
maize,7.04,29.13,47.58,356.56,184.77,297.73,8.057
groundnut,6.56,28.04,43.07,176.76,230.78,240.39,6.219
soybean,6.83,30.61,82.42,197.92,125.73,327.71,5.502
wheat,6.17,34.99,60.29,127.17,240.62,479.73,4.69
groundnut,7.06,27.92,87.61,64.85,116.33,521.09,4.864
cotton,7.06,30.04,48.6,390.35,162.2,211.32,4.251
rice,7.11,21.32,57.27,167.46,294.63,699.58,7.295
groundnut,6.6,23.3,64.13,227.34,146.81,734.6,5.939
wheat,6.91,31.89,67.32,388.46,62.92,453.36,6.34
maize,6.93,34.19,51.34,357.77,252.2,574.01,7.092
soybean,6.75,27.72,81.64,367.13,53.04,571.81,5.632
cotton,5.88,25,86.75,200.69,269.5,523.85,2.986
rice,5.61,24.36,87.22,274.61,217.87,542.6,6.146
soybean,7.48,23.53,87.06,370.16,52.87,415.08,6.025
wheat,6.19,24.76,53.21,121.87,170.76,287.97,6.486
cotton,6.69,20.93,86.28,73.92,157.59,587.06,4.07
rice,6,29.49,75.33,263.5,128.23,289.77,6.156
cotton,6.4,28.41,50.65,378.67,51.67,640.61,2.339
sugarcane,6.01,25.65,87.88,189.66,259.95,231.98,72.218
soybean,6.37,19.57,77.42,370.09,158.51,281.1,5.288
rice,6.84,29.91,50.2,278.9,254.59,135.01,7.114
cotton,6.04,22.21,43.13,210.63,233.18,524.71,2.778
groundnut,7.37,27.25,50.01,265.87,235.72,616.54,6.667
soybean,5.91,31.6,56.68,352.82,278.81,701.88,5.109
maize,6.8,33.92,43.2,338.66,123.1,410.74,7.603
wheat,6.44,18.48,50.5,148.36,228.24,108.04,5.573
sugarcane,6.83,32.99,80.71,289.8,77.61,302.43,70.938
cotton,6.01,30.62,43.83,355.42,257.03,251.24,5.351
soybean,7.25,19.74,59.64,243.68,175.78,235.7,5.362
soybean,6.42,25.05,40.66,153.58,164.8,387.77,5.476
groundnut,6.56,31.42,54.84,239.48,136.31,389.94,6.234
rice,6.66,20.01,50.59,158.85,91.73,270.61,6.773
soybean,6.33,25.29,67.05,293.75,225.54,220.19,5.573
rice,5.54,34.07,74.83,223.5,283.28,407.37,6.445
sugarcane,6.52,25.13,40.91,327.47,67.26,431.98,72.477
groundnut,7.26,30.43,74.86,313.42,166.26,711.92,5.812
soybean,7.21,33,63.32,76.49,146.96,662.48,4.985
maize,6.46,21.09,77.15,346.77,186.4,787.2,6.475
soybean,6.14,21.74,57.53,180.39,67.18,358.7,4.547
maize,7.36,24.45,81.57,344.81,143.31,542.39,6.592
wheat,7.11,26.81,47.02,284.91,205.12,619.58,6.552
groundnut,5.82,22.39,70.27,201.61,243.58,696.81,5.719
cotton,5.9,23.34,52.08,125.22,156.21,735.49,4.455
cotton,5.77,25.55,62.54,385.47,157.77,484.54,5.703
maize,5.88,29.81,50.94,258.36,116.16,563.38,7.386
groundnut,7.07,31.15,77.39,102.71,104.31,424.79,6.153
maize,7.07,25.29,50.05,229.97,234.06,405.49,8.113
sugarcane,6.65,19.14,44.75,399.61,131.66,623.73,73.272
sugarcane,6.14,34.34,84.59,347.21,151.5,109.59,72.298
cotton,7.03,28.6,78.12,63.63,259.28,533.67,4.468
sugarcane,6.78,30.46,73.81,98.45,194.71,498.64,71.953
groundnut,6.56,21.6,89.78,393.39,212.38,663.09,6.555
maize,7.23,19.87,86.25,271.08,63.6,550.98,8.97
wheat,6.77,28.19,48.97,296.8,163.79,567.43,5.485
cotton,6.41,25.73,74.29,368.57,209.76,767.47,4.012
sugarcane,7.34,27.91,69.64,174.22,63,122.22,71.378
cotton,5.92,32.67,84.3,118.83,234.36,300.56,5.652
groundnut,6.88,28.25,70.95,379.27,243.98,189.56,3.655
cotton,5.67,24.56,43.55,123.78,107.34,428.38,5.293
soybean,6.56,34.75,48.3,90.05,52.18,208.9,5.314
sugarcane,6.21,29.46,43.13,123.68,252.26,202.85,70.858
soybean,6.47,23.14,68.17,331.33,84.29,506.49,4.398
maize,6.38,34.73,59.79,300.32,120.48,354.67,6.607
soybean,7.05,32.66,55.69,238.31,260.03,792.62,5.579
maize,6.62,29.68,72.9,90.95,249.93,186.26,7.84
groundnut,5.89,34.17,48.77,248.7,194.83,442.74,4.642
groundnut,5.76,32.53,48.27,348.99,172.69,384.59,6.224
soybean,6.24,31.36,52.64,378.61,273.5,336.24,5.432
sugarcane,5.94,32.86,52.48,142.14,50.16,709.47,72.222
rice,6.03,27.42,49.98,152.88,109.27,763.95,5.448
maize,6.43,30.93,47.72,220.54,157.5,517.84,7.565
groundnut,6.45,29.46,78.14,65.91,211.65,258.72,5.97
cotton,6.6,25.45,81.96,106.24,56.24,414.33,4
wheat,7.33,21.22,86.12,293.47,202.69,239.89,5.948
groundnut,6.63,33.8,59.37,73.16,54.79,678.8,5.453
soybean,6.09,23.65,54.69,64.52,209.27,518.1,3.513
cotton,6.98,22.72,54.08,387.18,52.57,601.23,6.208
wheat,6.06,20.42,55.66,347.34,72.25,794.19,6.062
rice,5.83,28.12,47.52,388.83,161.68,451.06,6.465
rice,6.8,22.64,48.86,152.99,78.7,759.07,5.686
wheat,7.27,33.22,85.46,159.86,222.76,290.14,6.458
wheat,7.23,31.98,48.67,220.04,79.23,577.51,7.222
wheat,5.94,18.26,69.07,87.05,268.25,466.2,5.447
maize,5.67,22.32,79,84.56,68.92,353.08,7.861
sugarcane,5.56,29.2,66.61,86.14,93.13,497.58,71.758
groundnut,7.09,18.54,79.1,134.02,86.08,180.99,4.959
soybean,6.66,24.11,81.18,337.24,169.34,345.57,4.155
soybean,5.67,25.93,64.11,344.32,105.31,366.69,5.096
maize,5.53,29.55,43.83,197.27,200.42,755.98,7.503
rice,7.44,27.56,75.74,73.96,154.42,181.45,6.43
cotton,6.86,33.98,42.34,161.88,159.54,729.48,4.721
rice,6.85,29.19,43.51,188.34,95.44,209.77,5.286
sugarcane,7.44,22.46,55.65,342.77,62.55,425.23,72.095
groundnut,7,27.03,73.87,199.96,232.87,677.13,5.617
soybean,7.04,26.51,61.69,137.33,186.87,292.07,4.905
rice,6.04,18.11,88.92,388.01,148.79,609.86,6.464
soybean,6.74,25.72,79.01,399.17,97.78,421.76,3.95
rice,6.75,21.79,55.36,241.26,154.3,212.16,5.974
wheat,6.18,31.68,42.62,105.87,133.91,153.77,6.53
maize,5.77,21.94,83.42,374.26,154.91,135.44,7.49
rice,7.06,23.33,52.39,294.2,141.03,496.35,7.917
soybean,6.04,33.37,58.74,242.45,62.64,398.28,5.121
sugarcane,5.68,21.29,42.53,269.26,121.83,295.82,71.483
soybean,6.38,23.68,59.73,235.48,90.34,500.4,5.067
cotton,6.32,20.13,48.56,339.57,196.21,336.27,4.821
rice,7.27,33.23,54.86,130.5,152.83,268.37,6.251
wheat,6.81,27.1,44.1,62.23,297.44,121.01,5.171
wheat,7.09,29.21,68.89,353.14,122.36,427.38,6.038
rice,6.79,18.4,61.48,147.63,82.29,169.68,7.537
groundnut,7.28,34.86,54.7,123.61,241.34,277.12,4.457
cotton,7.03,18.09,40.07,182.34,85.85,112.87,4.861
rice,6.99,21.72,43,95.84,201.5,694.61,6.764
rice,6.75,31.71,82.1,218.95,244.36,570.99,4.903
cotton,7.43,18.86,84.52,251.91,190.98,450.19,3.331
rice,6.09,26.93,74.89,365.09,248.05,573.45,6.65
cotton,7.01,19.39,86.21,164.04,81.94,409.66,4.48
wheat,5.77,19.61,81.58,371.44,212.45,172.4,6.027
cotton,7.28,18.23,56.14,244.02,87.05,164.47,4.62
groundnut,5.98,19.61,55.75,83.83,94.22,791.14,5.092
maize,6.67,31.81,56.35,157.01,150.68,570.76,8.141
maize,5.74,27.73,52.84,331.43,156.48,796.28,8.022
maize,6.07,25.53,70.86,347.49,99.06,187.88,7.504
cotton,7.45,26.06,43.33,66.83,123.92,752.78,5.316
rice,6.12,28.43,84.9,333.47,195.78,611.16,7.003
sugarcane,6.17,34.01,66.49,306.34,281.03,782.63,73.496
sugarcane,6.29,30.86,62.71,194.3,283.68,275.62,72.853
groundnut,5.65,20.82,43.06,224.76,76.58,179.9,4.938
cotton,6.33,24.58,72.98,204.71,212.06,143.01,4.349
wheat,5.72,32.76,54.87,106.89,218.91,126.66,5.105
cotton,6.69,32.82,68.85,170.92,250.75,478.2,3.517
soybean,6.62,32.79,58.58,265.04,180.92,323.39,4.125
groundnut,7.08,33.57,57.99,157.44,98.8,574.94,4.418
cotton,6.66,33.91,73.61,218.45,252.42,765.37,3.071
maize,5.95,27.64,57.58,263.63,56.03,181.52,6.916
rice,5.6,31.95,81.32,255.8,138.28,659.85,5.971
soybean,6.39,18.25,52.37,353.2,91.16,390.59,4.879
rice,7.03,26.9,51.34,283.28,70.03,409.28,5.608
groundnut,6.7,24.55,82.74,383.35,270.89,289.43,4.543
maize,6.63,32.93,67.89,385.93,62.17,168.61,5.826
soybean,6.4,23.62,69.46,209,162.89,755.85,6.26
cotton,7.4,20.42,59.11,244.16,69.19,102.93,5.261
wheat,6.33,29.1,68.98,57.78,297.13,129,5.215
groundnut,5.86,31.56,73.88,241.43,168.77,745.7,4.457
groundnut,7.19,23.52,74.36,386.57,232.56,442.91,5.874
soybean,6.96,25.14,68.92,341.41,251.04,706.5,4.779
wheat,6.42,29.49,70.93,248.99,64.79,542.96,6.862
sugarcane,6.84,26.22,60.92,175.23,198.45,502.92,73.403
wheat,5.95,19.18,81.37,139.09,168.26,130.32,5.306
sugarcane,6.72,26.3,46.66,141.47,154.77,519.51,73.529
wheat,7.32,22.12,44.57,161.54,76.17,190.02,4.85
maize,6.54,33.24,49.81,57.9,265.42,503.98,7.638
wheat,6.72,23.03,52.79,164.6,91.16,226.82,5.925
wheat,6.73,19.39,44.39,110.14,179.52,249.8,6.407
cotton,6.27,32.68,55.44,152.74,116.5,332.95,4.035
sugarcane,7.36,34.95,76.01,150.53,269.94,134.45,73.066
soybean,7.31,18.42,50.47,195.69,139.14,738.21,3.212
soybean,6.79,33.89,55.17,323.66,241.46,584.16,4.85
rice,7.43,25.28,71.6,304.14,141.74,203.06,5.276
sugarcane,5.9,31.32,85.46,179.58,237.82,727.9,71.293
groundnut,5.55,31.4,85.16,143.6,253.1,157.68,4.769
wheat,7.03,20.49,74.52,380.76,220.64,332.13,7.156
wheat,6.11,19.08,48.86,51.8,161.35,158.98,5.267
maize,7.22,20.24,75.25,309.69,219.43,276.62,8.517
maize,7.42,21.7,44.41,118.09,255.14,573.65,7.534
sugarcane,7.16,32.1,75.47,86.89,259.71,569.71,73.049
sugarcane,5.78,28.4,55.32,164.14,67.73,344.86,72.427
groundnut,7.05,24.68,46.96,53.75,186.06,783.05,5.234
soybean,5.83,25.86,41.66,92.66,153.97,144.19,3.915
sugarcane,6.34,31.35,49.79,337.09,212.19,393.28,72.02
wheat,6.82,30.69,55.58,345.98,114.9,101.15,5.836
wheat,7.33,32.35,77.11,108.74,80.09,147.32,4.299
rice,6.12,22.12,43.65,310.41,227.75,264.15,7.04
soybean,5.58,24.66,80.12,169.44,161.05,572.91,3.642
rice,5.56,27.09,41.88,332.82,130.18,493.7,8.088
cotton,6.91,23.87,40.35,191.22,108.69,673.21,5.079
cotton,5.98,21.97,43.41,115.49,188.89,303.95,3.663
soybean,6.57,32.28,56.97,298.11,298.45,320.24,6.04
groundnut,6.77,20.11,43.53,368.3,97.53,674.88,4.321
maize,6.38,26.21,50.61,90.45,259.11,451.73,7.26
wheat,6.07,22.91,58.85,187.66,186.14,211.92,6.301
sugarcane,6.32,29.28,45.91,190.52,248.28,254.36,73.016
wheat,7.41,23.99,42.16,112.68,148.05,763.45,5.535
wheat,6.46,31.06,71.43,271.64,162.57,471.78,5.903
groundnut,5.64,23.69,55.69,272.48,138.99,203.95,6.761
soybean,6.82,27.59,86.65,255.28,181.52,631.52,5.065
cotton,5.86,19.87,84.18,170.03,220.97,117.74,3.829
rice,5.9,27.27,50.35,240.39,107.9,694.25,6.774
wheat,5.72,27.7,69.08,300.14,110.05,410.64,5.511
wheat,6.16,24.33,77.99,168.59,288.02,616.55,5.428
groundnut,6.43,21.86,77.2,371.72,155.94,339.49,5.125
sugarcane,6.1,25.32,55.61,303.79,249.08,683.06,72.592
cotton,6.59,18.7,77.24,206.08,55.01,143.75,5.264
groundnut,7,27.28,50.2,152.17,237.15,437.82,4.231
groundnut,6.73,31.7,54.98,386.74,183.91,532.8,4.817
sugarcane,7.45,22.12,73.17,343.68,187.67,207.2,71.202
maize,7.21,25.11,55.47,377.85,178.92,448.08,8.585
sugarcane,6.18,32.78,44.41,321.88,261.89,227.27,72.927
maize,6.77,21.34,50.59,64.52,130.52,491.82,7.224
maize,5.89,19.58,66.61,337.57,75.34,654.32,7.333
groundnut,5.83,24.46,70.86,389.44,231.91,745.82,5.667
sugarcane,6.48,26.99,56.72,231.76,99.39,663.62,73.448
cotton,6.38,22.7,67.91,171.45,283.22,745.85,3.202
soybean,7.2,18.7,42.48,268.23,65.78,327.23,5.754
sugarcane,6.47,25.3,43.74,87.16,259.37,267.87,72.272
cotton,7.08,24.84,61.25,184.01,229.77,483.26,4.308
wheat,5.58,25.63,68.88,249.82,133.11,320.87,6.09
rice,6.63,26.78,54.23,231.02,262.05,579.62,7.209
soybean,6.14,33.72,42.81,219.97,278.2,527.25,4.46
sugarcane,7,33.41,77.17,236.49,265.17,586.44,71.613
groundnut,5.75,27.89,78.32,192.25,269.96,554.08,6.205
sugarcane,6.84,24.84,54.9,268.92,88.71,361.1,72.711
cotton,6.15,25.97,47.4,394.63,102.27,191.25,3.725
cotton,5.52,24.5,55.09,63.09,176.34,382.12,4.933
cotton,7.37,30.77,87.07,286.82,140.85,756.73,3.968
wheat,7.1,30.56,43.19,185.53,120.69,313.14,6.188
cotton,6.31,22.06,71.44,274.13,262.63,618.61,5.136
rice,6.39,30.62,51.42,70.46,124.98,432.02,7.255
groundnut,7.23,27.81,73.7,55.83,134.74,656.96,5.579
cotton,6.82,18.65,58.41,392.66,155.18,451.36,4.016
wheat,7.23,25.77,63.76,185.12,291.68,588.02,6.555
groundnut,5.94,20.69,43.11,337.95,127.85,381.19,5.056
wheat,5.89,20.19,54.89,323.02,167.91,259.24,5.894
rice,6.16,18.89,62.51,139.16,137.97,593.93,6.322
sugarcane,5.87,18.67,41.09,321.07,83.61,427.4,71.312
groundnut,6.72,27.66,79.6,395.34,112.72,456.76,5.089
wheat,7.35,34.35,65.45,208.49,119.67,771.21,6.715
soybean,6.68,31.95,59.61,206.64,232.5,350.43,6.017
sugarcane,6.11,34.43,87.24,167.21,192.71,736.72,71.246
groundnut,5.93,32.74,87.79,132.85,270.65,167.89,5.752
cotton,6.71,21.86,67.19,293.24,178.79,793.2,5.265
maize,6.36,31.29,64.21,327.91,194.12,339.45,6.944
cotton,5.97,20.44,49.27,113.72,178.22,691.36,4.813
maize,6.67,30.21,58.6,82.36,164.48,376.14,7.13
maize,6.6,26.74,74.51,343.11,130.75,722.31,7.463
groundnut,5.6,24.57,57.67,160.47,172.75,324.51,4.441
rice,7.06,26.88,72.05,325.22,151.28,101.9,5.941
groundnut,6.98,21.59,82.08,60.62,260.95,422.23,5.48
maize,5.64,26.22,51,138.89,269.42,162.7,7.637
maize,6.23,24.65,88.82,384.13,250.03,269.16,7.457
soybean,5.68,30.69,40.63,275.57,95.72,262.68,4.106
cotton,7.12,23,62.32,304.46,223.23,791.16,5.128
wheat,6.42,24.75,61.56,249.25,50.52,282.5,5.86
sugarcane,5.6,21.96,64.6,158.58,95.44,452.89,72.751
wheat,6.1,25.74,48.18,156.44,205.28,311.26,5.182
groundnut,6.79,25.79,66.44,62.03,209.74,157.01,6.158
soybean,6.36,34.98,51.02,86.13,196.26,441.98,5.042
maize,6.98,28.93,55.79,267.53,104.97,411.39,7.782
groundnut,6.72,32.19,75.52,89.38,233.98,292.57,4.738
cotton,6.81,34.97,43.75,128.05,151.97,343.45,5.166
rice,6.79,20.18,72.51,393.87,277.95,407.39,6.366
rice,7.22,25.88,79.21,381.41,118.79,378.57,6.235
sugarcane,6.46,24.04,74.13,281.78,228.83,287.7,71.786
maize,6.93,34.54,89.15,222.89,267.34,615.78,5.677
rice,7.25,22.13,67.53,117.37,75.47,737.78,6.675
cotton,6.55,27.9,74.19,313.59,231.86,708.73,4.971
sugarcane,7.18,18.3,42.45,250.47,254.87,328.72,71.806
sugarcane,6.66,30.61,73.76,122.06,138.12,188.28,71.446
soybean,5.65,26.72,57.17,165,200.56,325.63,5.3
soybean,6.78,23.34,87.9,61.7,194.95,216.55,5.664
soybean,5.6,26.22,40.73,372.4,294.02,255.6,5.43
maize,6.69,30.83,55.47,206.79,151.37,788.86,6.588
rice,7.17,25.78,52.95,357.56,99.17,763.11,7.661
cotton,6.54,25.97,43.55,336.41,133.92,502.21,4.01
rice,6.4,30.47,82,240.74,71.7,265.79,5.734
cotton,5.58,25.74,84.55,249.32,258.1,794.14,4.473
sugarcane,6.87,21.85,46.59,360.46,118.76,256.53,71.365
cotton,6.12,30.96,86.81,379.26,93.7,712.32,4.654
wheat,6.04,18.06,48.13,172.33,128.93,653.95,6.216
rice,6.8,24.89,69.8,87.61,54.23,736.7,6.397
groundnut,5.65,25.03,73.94,132.88,70.99,639.01,4.294
wheat,7.13,24.43,44.42,169.78,295.35,540.78,4.831
wheat,5.61,18.32,47.18,280.28,231.87,650.55,6.123
sugarcane,5.85,24.14,71.87,74.74,140.39,474.36,72.495
sugarcane,6.19,24.64,84.55,334.76,228.74,274.16,72.056
cotton,6.97,23.44,65.3,106.88,289.94,696.11,4.532
wheat,6.88,34.07,71.61,202.35,181.29,239.74,5.744
wheat,7.13,28,50.54,132.85,207.01,680.96,6.071
rice,6.58,18.9,75.06,69.5,277.93,591.46,5.674
wheat,6.4,30.22,69.31,222.33,98.08,424.76,6.971
sugarcane,6.47,33.89,71.85,364.53,164.13,204.61,72.285
rice,6.31,33.75,75.52,196.62,179.32,158.95,6.635
maize,5.72,34.42,48.74,276.81,111.36,602.29,7.807
groundnut,5.55,24.92,51.03,236.66,299,660.38,4.978
sugarcane,5.97,18.33,83.97,387.96,135.39,336.95,71.528
maize,5.74,28.76,84.95,268.31,83.51,181.03,7.488
maize,6.47,33.26,85.39,80.6,284.12,677.87,8.273
soybean,5.87,27.65,58.85,387.73,118.39,379.76,6.063
maize,5.53,27.64,86.61,283.08,255.66,109.3,6.692
groundnut,7.03,21.57,56.17,336.73,184.13,701.96,6.251
maize,6.54,19.24,71.34,138.62,250.92,672.48,7.799
soybean,7.13,22.43,54.84,50.22,290.77,742.28,5.962
soybean,6.94,19.72,71.16,174.62,247.23,263.58,4.111
wheat,6.34,18.76,54.46,207.95,79.25,417.29,6.811
sugarcane,7.37,26.73,87.51,237.49,148.55,693.74,71.154
groundnut,6.68,33.89,76.3,371.22,277.09,523.2,4.291
rice,7.4,23.19,48.44,211.24,126.77,124.61,5.731
soybean,6.25,22.39,52.17,210.22,239.88,244.19,4.539
cotton,6.07,30.29,87.27,370.98,195.86,423.83,4.596
groundnut,7.31,20.15,48.93,222.56,70.48,237.19,5.299
sugarcane,5.57,20.16,85.73,222.74,163.39,126.63,72.66
soybean,7.1,31.37,65.49,155.02,87.82,299.27,4.77
sugarcane,6.13,28.55,71.92,294.78,78,694.63,71.385
rice,5.84,26.71,64.37,268.78,286.55,505.84,7.379
cotton,6.86,21.45,77.28,398.47,216.41,445.44,4.296
cotton,5.61,20.42,42.64,269.04,63.63,685.51,4.976
rice,6.64,23.64,76.15,227.71,174.78,177.1,6.776
soybean,5.69,19.72,49.95,399.95,50.55,547.07,3.782
wheat,6.72,18.02,84.7,232.6,115.67,637.1,6.773
soybean,5.75,24.82,57.54,320.49,250.79,207.39,4.463
groundnut,6.22,24.91,80.47,182.75,61.81,223.51,5.115
soybean,6.26,32.33,72.21,277.75,266.71,725.78,4.728
sugarcane,6.5,25.06,48.46,115.63,52.64,164,72.122
groundnut,6.6,28.53,73.17,342.7,103.87,184.34,4.32
soybean,7.31,18.86,83.18,169.33,274.88,758.62,4.984
sugarcane,6.01,24.2,82.18,118.23,256.72,493.86,73.16
maize,5.78,19.74,66.77,79.8,125.74,621.22,6.748
soybean,6.39,26.25,78.9,183.83,160.78,363.33,5.075
rice,6.55,29.4,53.47,147.13,283.35,606.47,7.439
rice,5.65,25.25,62.12,284.03,128.85,577.82,7.337
rice,6.58,26.65,52.16,310.66,92.06,232.95,5.012
maize,6.34,19.24,53.68,393,199.06,596.82,8.167
maize,7.05,25.6,62.38,384.26,279.91,317.84,6.061
cotton,6.66,24.07,48.21,226.3,257.55,564.81,3.781
wheat,6.55,30.21,69.07,381.72,63.42,174.37,5.855
maize,6.61,30.62,53.99,247.73,72.04,389.57,6.807
maize,6.62,32.43,62.18,371.56,160.09,484.15,7.344
wheat,6.33,23.09,77.41,122.9,101.31,232.66,6.076
groundnut,7.33,30.95,65.26,395.93,166.32,140.77,4.353
soybean,6.49,21.07,76.74,138.25,172.7,152.87,5.023
soybean,5.75,27,53.44,57.36,230.71,122.74,4.892
maize,6.71,18.84,44.73,61.5,174.79,520.42,8.031
soybean,6.19,22.51,74.3,382.08,117.01,668.03,4.565
maize,5.94,25.63,79.82,241.47,212.49,627.64,7.573
wheat,6.68,26.2,71.13,53.52,98.71,443.93,4.8
groundnut,6.91,22.05,59.43,205.3,272.83,387.93,4.043
groundnut,5.66,26.07,40.5,79.67,251.91,640.03,4.597
wheat,5.97,32.37,76.36,393.27,88.92,257.97,6.932
maize,7.32,30.41,76.77,78.01,139.87,700.86,8.003
soybean,6.84,33.1,63,262.44,97.12,663.48,3.238
sugarcane,6.89,29.42,52.03,310.26,237.57,322.1,72.151
maize,5.61,30.83,87.76,134.05,130.88,228.67,7.9
groundnut,5.73,29.15,57.06,311.63,187.44,416.65,5.694
soybean,6.24,27.67,84.09,379.67,234.89,160.63,5.179
rice,6.07,22.25,57.81,112.03,223.78,531.37,5.856
groundnut,6.66,27.07,69.82,178.11,251.78,466.3,4.638
rice,7.06,21.32,44.34,261.91,64.27,570.98,7.662
wheat,5.73,24.91,64.25,239.29,254.59,220.17,6.044
cotton,6.38,31.9,67.47,375.43,286.97,148.51,4.422
sugarcane,7.09,26.41,84.74,143.68,152.65,729.02,71.693
rice,5.9,25.45,60.44,200.12,196.39,464.82,6.557
wheat,6.11,19.24,86.63,188.09,248.17,295.4,7.179
soybean,6.64,28.33,66.16,356.07,60.86,282.72,5.578
maize,6.25,23.98,67.17,75.46,247.53,252.45,6.878
groundnut,6.94,24.1,70.5,183.87,126.13,117.4,4.884
wheat,7.31,19.68,51.6,298.12,255.94,699.92,6.907
wheat,6.44,28.05,84.34,361.1,236.43,124.61,5.652
sugarcane,5.51,18.19,60.83,104.25,216.11,596.16,72.991
sugarcane,5.84,19.93,68.51,351.65,169.28,796.19,71.63
groundnut,6.54,27.98,48.71,387.01,93.89,224.29,6.009
rice,5.82,20.79,54.26,327.49,276.44,782.56,7.207
rice,5.6,28.26,80.34,104.92,53.76,318.9,6.482
rice,6.51,23.37,76.46,356.16,284.68,663.57,5.738
sugarcane,6.88,22.42,52.73,399.37,96.98,203.64,71.617
rice,6.43,25.37,79.98,308.82,156.58,333.59,5.401
soybean,6.52,18.93,66.77,377.51,199.4,666.6,4.495
cotton,5.93,31.79,49.86,124.74,219.02,383.5,5.762
soybean,6.84,22.91,69.28,256.97,229.8,621.67,4.154
soybean,6.4,28.18,43.59,129.37,282.87,735.89,5.581
soybean,5.95,32.84,80.73,131.87,100.16,600.6,5.372
wheat,6.51,19.41,71,169.08,263.98,404.27,5.802
rice,6.14,25.91,87.16,376.11,101.72,350.75,6.021
maize,7.36,24.52,64.59,363.68,251.68,102.56,7.633
groundnut,7.03,31.01,57.81,145.93,250.29,364.03,5.573
soybean,5.93,22.96,48.64,182.78,277.71,530.74,5.177
maize,5.58,24.85,72.46,294.32,209.53,324.39,7.056
sugarcane,6.39,18.84,68.47,183.96,239.3,313.95,71.833
cotton,5.79,30.09,88.67,326.7,110.74,735.86,4.598
cotton,6.58,29.51,75.13,384.59,182.83,379.8,3.799
groundnut,7.2,25.04,45.62,76.47,194.27,549.84,5.908
wheat,7.16,31.11,41.94,117.95,184.15,754.38,6.355
groundnut,6.24,32.53,80.11,172.07,223.47,211.74,5.802
cotton,6.19,28.57,41.94,115.37,257.81,636.74,4.867
maize,6,18.26,48.34,262.33,227.28,114.74,7.305
wheat,5.96,30.58,55.49,350.56,225.11,381.27,6.681
cotton,6.07,27.96,69.34,206.01,259.03,285.48,3.905
cotton,6.68,26.6,40.9,376.47,69.58,581.75,4.178
wheat,7.36,26.22,64.52,91.91,250.66,272.88,6.54
wheat,6.07,25.42,71.69,207.52,134.45,371.67,5.191
groundnut,5.65,26.56,49.13,250.89,209.35,489.7,5.023
wheat,6.42,23.06,41.65,256.54,181.04,298.1,5.151
wheat,7.17,18.74,51.83,361.41,52.29,240.98,5.183
cotton,6.47,29.29,66.4,389.3,231,248.43,4.861
sugarcane,5.63,29.77,68.59,367.61,80.62,473.83,73.074
maize,6.06,23.52,87.26,148.93,165.22,569.91,6.746
rice,6.97,31.16,72.81,215.08,192.91,132.48,7.204
wheat,6.39,28.5,78.5,86.39,290.59,723.15,6.545
maize,6.97,19.19,83.23,224.85,159.63,527.72,6.977
sugarcane,5.98,26.21,84.34,182.42,237.43,167.77,72.799
rice,6.32,31.26,78.56,129.84,280.56,514.8,5.804
wheat,5.73,30.88,77.88,333.42,271.65,284.13,5.418
soybean,6.54,19.91,86.7,114.25,113.19,384.65,4.707
groundnut,7.24,19.21,82.71,323.57,75.88,175.19,6.18
sugarcane,7.44,32.61,45.5,381.6,155.84,106.52,72.017
sugarcane,6.24,20.43,74.79,107.6,238.42,777.68,73.615
sugarcane,5.83,31.81,82.67,370.02,116.32,732.77,72.502
rice,7.47,33.72,79.28,164.02,254.25,386.16,7.08
sugarcane,6.21,23.45,88.2,274.55,55.86,401.12,71.484
rice,7.49,29.2,42.52,86.6,270.25,469.25,7.241
wheat,5.66,19.8,64.64,106.25,294.57,210.96,7.406
cotton,6.76,22.98,58.68,284.49,68,279.68,4.975
wheat,6.11,24.16,43.32,396.27,59.82,558.43,6.216
wheat,6.72,24.85,50.39,334.69,235.71,563.11,5.649
groundnut,6.54,23.99,51.7,67.42,117.13,557.97,5.565
groundnut,6.2,25.22,46.41,93.02,204.89,572.87,5.064
soybean,5.84,30.93,89.25,381.02,99.28,712.75,4.632
cotton,6.46,24.34,64.66,252.7,97.27,730.64,5.159
maize,5.83,24.17,52.55,289.2,220.97,451.29,7.228
soybean,6.15,19.61,88.79,150.19,155.95,554.9,5.563
maize,6.88,23.12,71.3,102.69,167.26,453.1,7.118
maize,5.85,28.15,61.21,206.34,113.54,677.59,8.54
cotton,6.73,25.55,49.4,278.6,87.12,488.01,3.01
groundnut,6.83,22.87,63.01,117.71,102.59,116.13,4.407
sugarcane,7.05,25.66,77.68,384.47,243.02,689.66,71.612
wheat,6.57,25.43,53.39,261.4,267.83,799.23,4.826
sugarcane,6.72,18.68,85.07,245.1,267.12,684.1,73.596
maize,5.58,32.8,65.64,189.39,174.29,567.19,7.212
rice,6,32.92,80.66,385.24,270.94,753.33,6.655
groundnut,7.22,19.33,43.63,347.61,103.21,568.13,5.363
wheat,6.86,22.31,84.19,246.52,96.48,257.06,5.587
sugarcane,7.14,22.85,51.96,325.44,64.1,358.57,72.151
rice,6.6,28.89,52.97,79.63,79.82,257.21,6.651
maize,5.89,32.05,81.54,152.35,268.72,640.25,7.28
sugarcane,7.16,29.97,87.28,193.12,215.49,425.4,71.509
groundnut,5.97,27.75,81.08,60,207.71,344.71,4.764
maize,5.58,24.24,67.11,101.84,236.58,105.85,7.53
soybean,6.76,30.48,58.56,302.04,219,593.96,4.22
rice,7.39,18.81,82.51,399.15,271.74,667.31,7.271
maize,5.85,31.37,55.63,370.05,260.16,693.35,7.146
wheat,7.3,24.75,52.26,206.94,130.13,621.09,4.964
maize,5.81,29.74,65.67,277.71,272.42,408.3,7.868
cotton,7.18,33.01,86.1,86.58,82.19,489.9,4.206
rice,6.03,20.8,74.46,230.1,100.04,323.71,6.054
sugarcane,7.12,21.23,45.51,302.45,89.11,694.96,73.664
groundnut,6.22,22.72,72.14,292.48,267.74,339.63,5.86
soybean,7.37,26.89,54.58,143.41,282.38,220.71,6.787
cotton,7.04,30.7,55.59,157.18,259.46,150.65,4.033
cotton,7.19,33.26,53.23,298.94,75,123.48,4.273
groundnut,6.61,30.95,66.87,344.27,58.36,356.73,3.849
groundnut,6.35,34.75,67.7,375.79,51.34,623.77,5.792
sugarcane,6.92,25.87,80.32,112.88,289.9,369.61,72.861
sugarcane,5.66,28.26,48.2,307.58,125.31,424.37,72.929
wheat,7.34,20.19,62.29,335.37,272.33,463.58,5.369
wheat,6.73,19.49,59.58,299.66,214.86,537.29,6.954
soybean,6.51,30.05,52.45,163.55,133.55,118.02,4.811
maize,6.08,28.85,54.34,152.77,149.9,696.7,7.798
sugarcane,5.94,25.29,72.61,304.5,50.18,755.8,71.609
soybean,6.84,23.41,59.06,396.75,111.9,454.52,4.646
maize,5.71,25.34,51.5,230.58,113.37,758.38,5.818
rice,6.4,32.56,87.2,167.58,190.17,166.54,6.81
cotton,5.82,25.75,70.28,292.15,145.77,708.37,3.882
maize,5.96,32.73,41.67,369.48,79.59,552.03,7.967
groundnut,6.34,24.98,51.57,97.73,99.17,138.73,5.037
cotton,5.52,32.27,41.6,379.06,273.02,474.87,3.856
soybean,6.28,25.07,77.33,82.84,178.15,494.94,4.191
groundnut,5.8,26.56,80.08,204.54,172.65,694.14,4.723
sugarcane,6.32,23.52,79.08,315.65,169.66,131.26,72.736
groundnut,6.33,27.14,42.46,50.82,111.2,576.41,5.158
groundnut,6.37,34.52,41.88,160.6,128.53,543.42,4.983
wheat,7.45,18.63,62.26,89.6,137.84,798.76,5.057
groundnut,7.3,20.79,59.07,99.3,206.24,610.21,5.173
cotton,7.07,32.05,85.69,357.98,299.94,270.84,3.694
soybean,6.44,28.17,41.55,146.21,58.2,394.23,4.663
maize,6.32,18.31,53.53,331.65,203.87,627.65,7.049
maize,7.07,25.71,79.61,343.52,213.69,259.9,6.911
wheat,6.08,29.99,76.77,156.22,136.34,793.74,6.315
wheat,5.68,29.46,42.82,285.5,260.76,379.18,4.884
rice,5.91,22.25,56.82,256.2,163.61,621.6,7.357
rice,7.11,24.01,72.11,135.97,77.32,656.07,6.887
groundnut,6.41,34.02,84.39,85.79,236.03,664.06,5.185
groundnut,5.75,20.99,88.01,292.61,250.34,378.34,4.03
wheat,6.37,24.74,86.9,103.6,52.46,266.66,5.351
wheat,6.93,19.18,56.56,148.87,188.79,611.29,4.948
wheat,5.71,29.61,73.04,382.71,232.42,136.43,4.861
cotton,6.62,20.29,56.01,369.71,152.31,623.76,3.461
rice,7.1,28.27,49.93,223.19,235.58,639.29,6.765
soybean,6.47,23.63,77.02,159.47,256.7,516.47,4.022
soybean,5.97,31.23,70.43,389.82,143.4,577.02,5.155
sugarcane,6.31,32.88,60.77,190.97,59.05,485.8,72.249
maize,6.57,32,45.16,380.06,248.77,226.88,7.811
rice,6.64,26.16,64.57,302.69,284.44,163.88,7.529
rice,6.08,22.01,76.53,64.11,73.69,104.75,6.849
wheat,7.48,26.9,50.24,167.19,132.58,113.81,4.653
rice,6.85,22.92,68.86,73.06,97.82,385.18,5.52
rice,6.37,34.1,63.38,356.23,252.71,786.69,5.949
rice,6.97,32.81,49.63,84.17,274.45,344.93,6.705
maize,6.35,18.08,55.66,234.37,131.06,177.72,7.904
soybean,6.92,29.51,41.22,194.11,133.24,568.59,5.118
sugarcane,7.08,31.65,75.81,121.48,111.8,797.26,72.022
sugarcane,5.54,31.89,40.7,279.99,141.27,528.05,71.381
groundnut,5.77,33.06,72.46,107.24,58.41,198.78,4.392
wheat,7.09,20.17,85.17,285.3,274.38,413.01,5.821
cotton,7.04,32.3,70.88,275.55,57.08,679.97,3.784
soybean,5.86,23.74,60.92,227.99,169.19,289.47,3.786
sugarcane,6.26,19.34,48.59,70.73,76.35,229.26,74.2
sugarcane,7.31,32.69,63.23,310.53,204.86,662.15,71.029
sugarcane,5.84,23.7,70.4,251.52,90.91,187.44,72.346
rice,7.2,27.32,49.87,161.04,120.48,471.6,6.882
soybean,6.22,18.18,71.31,296.37,212.7,777.5,5.926
maize,6.99,27.87,59.41,109.77,106.71,502.85,6.965
maize,7.21,22.38,64.58,391.43,133.31,516.53,7.38
soybean,5.63,27.82,57.89,146.41,251.8,356.9,5.417
soybean,6.41,21.56,40.19,134.53,177.43,365.97,5.942
groundnut,7.28,23.41,48.3,311.06,144.57,431.22,6.55
cotton,6.12,19.99,89.29,158.02,82.58,239.36,2.743
cotton,6.78,25.04,53.5,122.39,213.51,391.35,3.411
sugarcane,6.12,22.11,53.92,363.77,209.05,611.48,72.663
wheat,7.02,27.06,71.94,383.66,75.27,316.19,6.091
groundnut,6.06,25.54,48.56,355.64,226.23,159.64,4.376
groundnut,6.34,23.38,41.78,97.86,241.01,112.63,4.923
rice,6.44,33.96,49.29,392.3,298.57,488.93,5.86
cotton,6.83,29.74,79.35,90.72,140.04,777.75,4.892
wheat,6.88,23.43,52.61,384.57,280.82,420.12,5.755
soybean,6.48,29.86,66.49,187.09,205.48,778.05,5.584
groundnut,6.58,23.51,46.81,360.65,167.69,714.68,5.326
soybean,7.13,31.64,82.29,90.43,292.34,771.74,5.792
maize,6.86,19.14,69.69,320.21,257.05,219.37,7.58
cotton,7.3,25.62,53.72,187.61,146.94,300.81,5.155
rice,6.16,29.21,54.7,125.53,89.66,318.88,6.4
rice,7.19,18.16,60.14,367.54,235.08,479.99,7.442
sugarcane,5.5,26.45,77.64,338.14,269.85,441.4,71.183
wheat,6.35,27.72,85.14,188.07,295.28,631.32,5.05
sugarcane,5.86,26.54,82.42,57.14,201.12,293.92,71.579
maize,6.59,34.63,80.5,244.5,286.76,453.41,7.753
maize,6.05,22.51,66.81,207.2,160.03,163.8,7.594
maize,5.72,25.49,63.95,363.95,148.7,767.33,8.674
rice,6.5,27.42,67.94,297.46,94.37,276.56,5.878
rice,6.69,20.52,59.94,366.54,299.72,791.05,5.144
groundnut,6.8,23.26,70.31,233.32,56.12,653.49,4.853
wheat,6.03,26.58,77.2,226.13,66.95,606.51,5.337
rice,6.99,32.39,43.19,61.07,114.63,730.47,7.453
rice,6.95,24.86,50.74,174.59,121.03,223.26,6.692
rice,7.46,24.65,44,81.44,197.69,519.55,5.541
rice,7.02,26.17,86.58,297.76,236.98,237.85,6.091
wheat,5.96,23.57,50.49,222.16,54.9,569.96,6.552
rice,6.02,27.15,85.38,346.25,172.61,125.94,5.765
groundnut,6.06,31.12,57.56,334.19,129.88,214.49,4.476
groundnut,6.84,33.23,42.89,99.23,229.16,406.1,4.358
rice,7.03,26.38,56.95,101.42,188.04,626.97,5.969
wheat,6.3,32.38,57.31,279.12,227.33,510.33,4.143
cotton,6.75,23.13,88.4,296.03,84.18,391.69,3.969
wheat,5.52,31.26,73.33,158.07,123.11,658.79,5.081
sugarcane,5.98,32.9,40.95,306.36,283.28,560.04,71.947
sugarcane,7.34,25.49,89.73,197.03,201.99,173.33,72.037
soybean,6.73,18.22,74.76,196.3,191.39,554.36,5.923
sugarcane,6.62,20.62,79.67,370.23,92.39,672.19,71.935
sugarcane,7.12,29.72,76.24,294.34,127.74,169.76,71.829
groundnut,6.51,18.88,87.11,234.53,131.26,210.69,5.571
soybean,6.75,28.85,71.44,243.8,296.6,612.6,6.005
rice,7.45,28.27,76.75,88.67,265.53,687.43,5.864
wheat,6.69,20.79,46.17,393.02,148.43,259.2,6.404
rice,6.28,23.33,63.12,186.52,265.89,750.48,6.61
sugarcane,5.99,27.81,53.73,338.43,51.33,495.37,73.523
rice,7.07,21.26,71.92,279.1,288.52,642.61,5.938
wheat,5.63,19.98,69.82,146.24,69.91,400.72,5.84
soybean,7.02,31.15,62.78,264.17,143.38,591.36,5.073
maize,6,21.46,57.02,216.8,124.02,460.45,8.697
sugarcane,6.56,24.84,48.08,91.42,240.17,749.25,73.518
wheat,5.65,19.76,80.65,63.61,214.74,290.79,4.344
cotton,7.12,24.26,46.25,64.52,120.38,270.96,4.45
maize,5.71,32.38,76.79,124.1,86.32,321.4,8.054
rice,7.36,23.23,45.58,343.92,299.29,304.83,7.155
sugarcane,5.9,33.68,82.63,321.21,148.18,453.07,71.963
sugarcane,6.03,26.75,45.34,281.04,259.02,602.91,73.408
cotton,6.18,25.99,56.54,314.23,132.34,196.76,4.883
maize,6.48,29.94,65.66,355.24,122.23,160.37,7.042
groundnut,5.82,20.12,49.42,172.82,282.63,659.77,5.518
cotton,6.42,23.54,63.78,260.98,296.5,756.44,4.5
cotton,7.26,34.34,84.65,301.71,196.25,582.48,4.404
soybean,6.82,23.49,64.06,266.07,151.23,238.86,4.986
sugarcane,6.34,26.64,43.15,341.95,246.13,229.75,71.699
cotton,6.71,29.21,60.09,368.14,209.48,638.42,4.096
wheat,5.84,22.61,54.28,144.82,263.85,122.32,7.418
maize,5.52,18.81,49.57,108.56,95.3,570.36,7.992
wheat,7.41,31.84,85.2,55.48,283.46,666.85,6.26
groundnut,6.52,24.87,48.1,295.29,281.7,362.76,6.469
soybean,6.3,18.4,56.47,237.9,277.7,692.59,5.955
cotton,7.28,24.53,76.84,216.58,80.65,749.55,6.297
maize,5.7,26.44,74.5,167.16,223.87,589.04,7.134
rice,6.57,32.15,60.09,300.94,269.17,251.41,6.488
soybean,7.05,20.21,62.69,227.43,221.85,543.3,3.666
rice,6.83,24.48,75.97,167.66,122.57,478.83,5.782
groundnut,7.15,31.87,86.74,344.32,210.92,526.51,7.293
rice,6.63,34.13,85.11,356.5,250.35,760.4,6.631
cotton,6.18,19.09,48.98,317.96,173.38,716.47,3.213
sugarcane,6.61,19.7,80.25,179.46,212.13,607.77,72.062
rice,6.42,19.26,88.87,345.26,94.56,733.22,7.092
wheat,5.92,28.76,88.8,158.71,165.24,571.8,5.485
sugarcane,6,28.27,83.99,163.63,149.06,384.64,72.494
groundnut,7.17,20.77,82.72,290.37,180.02,681.18,4.7
soybean,7.11,31.75,52.27,265.33,160.8,542.89,4.333
cotton,6.1,18.2,55.03,252.33,143.98,474.41,5.573
cotton,6.18,19.2,69,301.89,73.56,543.64,5.959
soybean,6.87,23,67.99,155.32,91.78,385.02,4.069
soybean,5.67,29.93,42.63,70.76,126.33,727.6,4.553
soybean,6.6,27.91,60.08,382.18,244.3,299.78,5.689
cotton,7.35,24.02,73.08,399.82,115.77,503.26,3.571
soybean,5.98,24.46,63.8,65.6,292.64,601.24,4.647
sugarcane,6.07,25.45,57.75,75.39,218.3,677.64,72.644
cotton,7.41,33.74,85.46,229.26,140.04,425.52,5.046
soybean,6.79,24.74,43.89,180.77,222.19,569.7,4.125
groundnut,6.23,26.52,42.17,171.97,94.79,552.95,3.623
sugarcane,6.43,28.47,44.75,382.69,295.1,481.82,71.599
maize,6.75,21.21,63.47,302.11,182.36,376.84,7.291
rice,6.07,24.18,63.23,392.63,93.1,350.24,7.385
maize,7.05,18.57,69.66,115.36,136.49,343.58,7.197
cotton,6.33,25.67,81.35,84.3,225.99,336.56,3.295
sugarcane,6.89,27.98,81.64,75.3,222.68,473.82,72.529
soybean,7.19,26.32,55.57,355.13,88.97,244.51,4.385
rice,5.94,22.66,67.38,100.58,83.49,760.65,7.203
soybean,7.03,29.22,62.3,128.63,231.72,595.5,4.581
soybean,7.13,26.39,50.27,308.03,224.93,272.39,4.635
cotton,6.91,22.94,48.26,372.5,155.77,295.13,5.534
sugarcane,7.24,18.81,59.27,105.38,223.84,174.01,72.11
maize,7.34,28.25,80.15,327.09,98.29,567.55,8.317
rice,6.68,21.41,54.37,106.66,112.32,257.42,6.999
sugarcane,7.33,33.82,53.52,190.12,267.6,351.41,73.235
rice,7.07,25.74,74.9,185.78,89.98,378.7,5.818
rice,6.16,26.64,41.2,159.56,254.97,487.76,6.43
soybean,5.72,29.22,55.95,318.51,101.73,730.16,3.593
cotton,7.06,21.66,75.78,330.02,136.53,220.83,5.262
rice,6.8,25.17,47.34,217.65,54.36,613.73,5.923
groundnut,6.42,30.14,76.8,98.4,291.54,674.72,5.036
cotton,6.13,32.26,61.43,304.31,177.52,535.37,4.342
maize,7.2,29.63,53.27,290.79,248.11,314.76,6.382
maize,6,19.35,43.49,274.01,284.82,101.35,8.448
wheat,5.93,28.78,78.04,395.11,95.11,636.22,7.444
maize,6.01,18.59,60.51,87.3,276.5,128.88,7.61
cotton,5.68,21.59,65.11,57,113.21,462.18,6.36
wheat,5.97,31.19,88.57,213.24,126.34,400.43,6.25
maize,6.57,19.92,81.41,138.15,244.33,769.97,8.826
maize,6.94,32.67,63.77,398.06,295,717.52,7.901
rice,6.32,33.22,48.13,398.43,79.71,110.46,7.084
soybean,6.32,32,74.03,326.49,253.8,159.31,5.245
groundnut,7.45,18.95,68.7,352.06,170.35,154.97,5.001
soybean,6.83,34.63,76.42,275.31,133.77,124.15,4.862
sugarcane,6.03,21.57,69.95,81.13,64.54,360.57,71.727
wheat,5.93,30.14,58.5,147.64,95.1,486.75,7.619
sugarcane,7,31.5,88.45,250.65,105.06,703.55,72.667
soybean,6.28,32.36,40.01,108.98,57.61,329.7,5.28
wheat,5.8,22.49,87.39,178.5,276.92,313.25,5.371
wheat,6.39,34.99,81.76,362.71,255.81,172.13,5.708
rice,6.45,29.51,83.73,312.23,284.65,137.73,4.753
sugarcane,6.64,33.78,66.51,173.76,249.29,410,71.947
maize,5.97,28,68.53,219.49,187.49,444.25,8.851
groundnut,6.64,32.14,86.62,312.53,260.74,429.07,4.416
rice,6.21,28.26,55.6,368.44,267.6,490.76,7.544
soybean,6.47,33.4,81.75,101.59,227.04,404.83,4.464
sugarcane,5.85,28.32,63.83,353,58.03,550.71,71.838
maize,5.56,28.62,60.84,246.07,157.33,776.24,8.153
rice,5.52,30.51,47.61,369.28,273.2,557.73,6.09
cotton,7.23,26.83,89.66,54.05,124.9,536.21,4.237
maize,7.01,34.75,80.5,211.07,275.94,386.89,6.12
sugarcane,6.57,30.37,46.07,262.99,225.7,416.94,73.436
soybean,7.14,34.84,49.61,80.36,134.25,190.3,6.993
groundnut,6.61,29.15,64.85,61.22,203.08,601.32,5.195
rice,6.12,23.92,64.34,392.5,291.36,391.38,5.316
cotton,7.46,23.74,75.15,127.91,115.3,458.33,4.192
maize,6.07,18.41,71.25,138.4,217.24,622.91,8.023
maize,7.19,28.21,74.09,397.73,108.08,536.76,7.473
cotton,7.15,29.54,43.26,157.6,121.99,740.52,3.823
cotton,7.22,24.65,84.43,134.08,120.05,137.18,5.537
cotton,7.3,32.18,67.68,265.64,168.58,374.17,3.148
soybean,6.45,25.21,83.02,239.75,222.41,428.53,3.735
soybean,6.28,24.39,72,223.18,262.28,712.29,5.475
rice,5.67,25.84,77.18,395.03,216.8,271.39,5.932
rice,6.14,20.71,50.26,325.99,91.8,119.92,6.124
soybean,7.45,29.9,65.12,108.21,226.35,304.1,6.165
rice,5.54,27.28,75.34,326.64,98.43,283.23,6.643
maize,5.67,23.9,60.95,55.92,141.24,291.6,8.18
groundnut,7.43,20.72,79.37,394.46,54.98,589.32,4.972
rice,5.93,22.61,55.21,230.07,228.36,748.35,6.218
cotton,6.12,25.67,59.21,201.32,294.82,162.04,3.414
cotton,6.67,34.95,62.79,312.09,216.8,794,4.376
sugarcane,5.62,29.18,84.16,251.96,138.5,674.64,72.611
cotton,7.14,20.18,89.9,140.5,231.05,735.62,4.951
cotton,6.1,33.52,49.64,186.28,285.08,398.97,3.354
wheat,7.41,18.49,49.99,134.81,153.52,262.91,5.181
groundnut,6.21,23.67,41.9,101.44,279.27,798.79,5.025
soybean,6.91,33.39,61.73,220.83,281.86,464.69,4.223
rice,7.03,26,55.87,267.92,213.19,638.58,6.292
soybean,5.5,24.46,80.93,178.19,200.39,524.42,6.345
cotton,5.76,28.06,71.65,68.56,110.75,656.82,4.737
maize,7.45,32.76,84.66,360.23,185.42,552.48,7.998
cotton,6.8,26.54,64.59,110.13,119.68,211.2,3.739
soybean,6.63,34.16,43.62,153.34,98.39,487.69,3.953
cotton,5.87,25.62,70.05,164.58,245.24,688.31,3.943
rice,7.5,29.4,89.5,280.99,233.37,372.06,6.505
rice,7.02,32.5,88.64,143.33,229.02,375.98,6.518
wheat,7.26,23.56,54.49,144.33,86.21,507.07,5.521
sugarcane,7.45,33.49,48.09,179.11,155.99,352.37,72.554
rice,5.92,25.85,85.52,164.36,174.68,771,7.891
wheat,5.99,18.84,82.44,53.49,284.28,539.33,5.657
cotton,6.11,26.66,77.36,211.9,200.35,652.81,5.097
cotton,7.09,25.34,62.65,229.51,228.26,291.45,3.687
groundnut,6.14,27.48,83.06,128.37,285.31,519.38,5.398
maize,7.03,27.9,43.55,362.24,57.7,623.88,8.015
cotton,6.68,31.93,81.27,73.24,92.72,317.78,3.907
rice,6.09,20.71,61.77,190.66,193.93,508.37,7.413
maize,6.17,18.15,49.52,379.33,180.29,798.06,7.9
cotton,6.68,28.71,82.27,153.88,138.57,734.17,5.406
groundnut,6.45,20.74,56.05,128.73,269.46,437.31,5.954
cotton,7.22,29.9,67.39,263.35,72.77,431.74,4.129
soybean,6.33,34.37,41.21,157.22,216.55,723.6,4.768
maize,6.52,33.79,83.71,97.08,93.2,350.35,6.72
cotton,6.55,21.54,66.23,244.28,235.61,253.92,5.358
sugarcane,7.36,30.19,78.23,108.77,154.88,439.54,73.439
soybean,7.49,29.55,86.83,339.43,261.11,498.4,4.539
sugarcane,6.05,30.42,81.63,300.18,232.56,458.73,72.123
groundnut,5.7,33.45,50.75,121.61,95.38,109.79,4.734
groundnut,7.4,28.16,40.74,173.51,85.77,747.24,5.402
wheat,5.58,20.18,51.23,333.89,269.63,150.02,6.616
cotton,5.54,18.85,53.18,72.75,142.22,682.94,4.394
rice,7.02,34.53,41.88,149.8,98.86,107.81,6.697
rice,7.28,29.79,59.73,180.36,163.93,223.93,6.238
sugarcane,7.21,26.2,79.16,100.79,173.02,375.76,72.976
maize,6.4,27.85,83.86,353.71,162.77,110.76,8.214
rice,5.56,22.82,64.93,65.77,96.51,754.18,6.687
wheat,6.76,27.99,57.68,218.86,199.34,430.72,6.162
cotton,7.11,20.79,62.13,222.84,128.03,437.23,5.613
wheat,5.94,18.15,75.81,170.55,246.66,337.26,5.988
sugarcane,5.54,29.89,72.24,193.78,181.42,763.02,71.87
groundnut,6.24,31.2,69.8,275.53,239.38,182.59,5.543
maize,6.94,29.33,46.74,192.8,76.69,671.63,7.83
rice,7.2,26.91,51.45,92.57,140.85,278.8,6.743
groundnut,5.58,24.83,79.95,232.94,187.51,168.02,5.51
groundnut,6.92,26.39,82.87,86.57,162.32,300.98,6.353
cotton,6.18,19.84,65.33,80.03,292.38,127.08,5.468
sugarcane,6.95,34.99,89.51,310.52,234.9,273.33,72.956
soybean,6.27,28.2,65.68,293.09,63.87,299.18,5.433
rice,6.88,32.33,64.08,235.99,125.69,446.23,6.599
rice,6.32,26.05,60.73,344.76,107.5,104,7.752
soybean,6.74,27.11,43.01,78.52,210.75,425.59,4.963
cotton,6.65,32.84,83.18,180.03,102.22,642.6,4.142
sugarcane,5.55,18.34,71.12,281.59,127.76,324.01,72.348
rice,6.2,22.43,67.35,115.5,58.16,762.08,7.048
wheat,7.21,23.36,66.18,219.88,138.48,724.02,6.019
soybean,6.28,25,47.94,372.94,50.67,725.67,4.006
maize,6.89,28.07,83.93,174.91,124.97,249.69,7.994
sugarcane,6.69,32.21,77.75,313.53,179.46,723.52,71.785
maize,6.13,18.89,87.43,274.52,269.23,573.24,7.265
sugarcane,7.22,26.87,49.67,362.21,57.77,726.78,72.349
groundnut,6.42,27.63,47.47,214.21,257.78,110.84,5.292
soybean,6.56,19.17,88.42,360.51,114.81,185.64,3.907
wheat,6.27,24.91,48.34,58.08,83.35,558.24,5.731
groundnut,6,22.62,76.03,66.99,212.8,254.99,3.652
sugarcane,6.04,33.5,58.41,65.94,125.06,471.78,71.693
soybean,6.38,26.61,59.04,203.99,167.56,638.61,3.368
maize,7.09,18.68,56.62,214.69,128.63,590.13,8.217
groundnut,6.21,34.48,55.93,193.46,208.52,116.88,5.317
rice,5.56,25.37,68.48,356.81,282.05,470.16,6.629
cotton,5.57,33.11,72.08,275.24,275.54,455.84,5.736
wheat,6.86,27.57,48.11,158.48,275,581.72,5.9
cotton,5.82,30.57,61.68,133.86,205.35,224.94,4.797
groundnut,6,23.52,81.74,316.63,132.27,473.77,4.781
groundnut,6.62,28.08,58.62,148.02,118.43,222.29,4.913
soybean,6.67,29.41,89.51,81.73,216.81,298.38,6.478
cotton,5.88,27.67,76.98,324.27,125.46,458.7,4.304
cotton,7.3,33.56,78.83,129.92,56.2,368.64,4.778
rice,5.61,18.89,61.37,376.14,121.48,399.01,6.143
rice,6.35,29.94,87.14,143.47,160.04,657.18,7.224
maize,6.43,27.24,73.55,56.76,175.5,511.82,7.036
maize,7.43,23.92,57.33,258.49,292.74,788.16,7.331
wheat,6.05,23.14,70.62,203.42,231.68,726.44,6.187
maize,6.57,30.9,78.15,282.52,111.46,706.75,7.57
cotton,5.99,34.42,40.41,357.9,99.93,763.1,5.04
rice,7.31,26.08,51.2,348.6,113.51,314.62,5.499
soybean,6.6,19.97,41.16,67.9,288.56,199.6,4.23
groundnut,6.09,19,47.13,343.4,232.8,565.03,5.917
rice,5.54,30.02,71.78,101.92,241.53,147.84,6.617
soybean,6.96,20.8,68.29,159.43,94.56,701.43,5.114
cotton,7.4,34.09,47.24,112.06,265.67,374.93,4.02
wheat,5.54,20.16,79.1,388.79,130.01,126.03,6.988
maize,6.2,33.67,86.65,134.65,249.56,403.15,8.067
cotton,6.92,32.76,59.17,159.69,145.15,112.98,3.825
sugarcane,6.31,18.19,48.49,278.38,203.02,651.51,72.944
cotton,6.4,33.01,88.53,198.6,258.7,137.34,3.842
groundnut,5.74,25.08,43.64,84.57,153.98,313.77,5.539
groundnut,6.03,30.96,52.84,206.19,223.7,155.73,5.688
maize,6.75,34.65,63.22,336.12,176.95,447.09,6.695
rice,5.73,23.09,87.99,271.57,188.55,593.75,6.778
groundnut,5.55,24.79,89.3,85.24,155.92,315,5.473
rice,6.14,24.67,53.97,375.99,220.83,283.72,6.696
maize,6.37,29.95,49.13,263.45,231.53,320.13,7.003
cotton,5.64,27.22,84.46,286.46,112.42,501.51,3.401
sugarcane,6.59,27.3,42.67,189.51,117.68,799.53,72.379
wheat,7.26,24.04,45.46,382.13,172.11,451.95,6.625
sugarcane,5.78,30.06,82.73,290.05,54.47,251.36,73.023
rice,6,27.8,88.19,120.02,73.81,183.58,6.452
maize,6.69,30.04,81.64,92.53,252.52,436.89,8.875
wheat,5.74,32.71,68.32,299.22,260.49,424.68,5.221
sugarcane,7.2,25.04,52.68,354.42,158.01,665.86,73.545
sugarcane,7.28,31.74,66.03,303.47,141.58,125.74,71.926
soybean,7.29,30.16,71.98,282.32,153.55,131.19,4.95
cotton,6.14,26.15,80.59,315.62,116.45,205.76,4.704
sugarcane,7.11,24.42,79.43,173,91.78,123.38,73.355
sugarcane,7.1,24.16,50.87,375.08,126.75,378.89,73.521
wheat,5.73,19.21,78.03,219.95,135.72,392.86,4.819
rice,6.9,18.38,82.82,293.04,242.02,685.19,5.438
groundnut,6.2,24.85,40.83,335.18,139.8,506.29,4.904
groundnut,5.61,20.86,62.8,334.84,145.17,476.95,6.586
wheat,5.79,21.96,85.27,62.91,104.95,316.7,5.184
wheat,7.27,21.37,77.43,148.78,253.23,182.88,5.319
soybean,7.04,33.78,53.06,167.2,166.07,749.02,5.153
maize,7.47,27.47,73.06,166.47,145.53,516.09,8.295
rice,6.32,21.5,60.14,76.59,223.85,276.92,6.977
cotton,5.62,18.32,88.7,117.68,255.53,493.3,4.207
groundnut,6.4,30.05,71.17,275.54,228.51,304.83,4.341
maize,7.49,18.65,48.11,362.39,65.14,720.77,8.33
wheat,7.18,33.47,65.46,293,77.95,495.7,6.015
maize,6.91,33.18,87.79,230.01,249.62,775.16,7.776
cotton,6.09,27.55,75.74,304.84,216.63,709.57,5.246
wheat,6.35,32.39,73.51,306.47,196.84,414.71,6.024
groundnut,6.55,20.73,75.77,295.8,291.74,310.13,6.352
soybean,6.53,27.68,51.08,314.82,127.39,745.49,3.516
groundnut,5.98,22.14,83.87,119.66,246.74,423.26,5.154
rice,6.68,31.23,44.67,110.43,53.07,515.56,7.072
groundnut,6.13,34.55,54.4,361.26,270.19,630.36,5.51
groundnut,7.09,22.64,71.32,339.78,226.86,435.64,5.805
maize,6.76,34.78,59.9,166.17,206.11,677.93,6.325
cotton,5.78,20.04,75,52.13,167.83,183.21,3.913
rice,5.75,26.49,56.85,153.53,66.76,727,6.315
cotton,6.55,19.63,60.1,385.06,298.89,611.35,5.35
soybean,7.34,33.55,89.46,355.92,299.45,271.28,5.431
rice,5.85,19.74,76.87,207.65,130.88,699.66,7.217
wheat,6.28,21.16,79.61,195.62,73.36,439.04,5.948
soybean,7,24.29,48.67,84.43,131.83,195.3,4.028
maize,7.19,29.53,87.7,228.85,278.45,777.47,7.006
sugarcane,7.09,27.29,61.11,266.54,160.95,272.27,72.571
wheat,6.4,33.59,63.39,146.26,85.46,102.62,6.254
cotton,7.44,30.31,60.59,56.68,58.52,579.36,4.544
soybean,6.11,33.96,55.85,279.01,70.01,269.63,5.894
groundnut,7.31,26.94,79.58,90.35,281.91,674.8,3.781
wheat,5.85,19.2,60.01,251.92,263.73,781.97,5.993
maize,6.25,29.83,52.63,385.2,57.54,770.66,7.433
soybean,6.22,32.35,62.66,304.25,73.88,377.22,4.641
maize,6.16,29.06,77.85,312.33,177.47,667.57,7.074
soybean,5.75,21.22,41.59,285.98,150.35,493.07,4.362
groundnut,5.8,34.28,60.22,356.37,97.34,483.51,5.338
groundnut,5.61,19.18,62.03,138.39,236.36,543.93,5.318
maize,5.87,21.01,83.65,309.96,214.85,384.8,7.104
cotton,7.44,34.22,78.66,376.34,226.77,726.91,4.73
rice,7.08,30.92,57.45,208.85,198.74,781.76,6.399
soybean,7.09,28.74,55.89,131.26,269.69,685.02,4.792
maize,7.2,28.22,88.04,284.56,93.79,431.65,7.537
wheat,6.35,33.7,43.65,331.14,103.81,326.82,6.935
rice,6.25,28.68,67.36,130.91,135.96,529.82,5.477
wheat,6.2,28.45,81.88,114.25,156.16,374.37,4.758
groundnut,7.28,27.35,60.67,75.44,228.53,592,4.596
groundnut,5.61,34.41,82.6,369.61,261.8,435.67,6.063
sugarcane,5.76,30.97,43.42,54.41,274.56,506.94,72.493
groundnut,7.22,26.36,46.39,51.74,219.47,484.94,4.771
soybean,6.47,31.34,64.27,167.42,70.59,485.21,3.566
wheat,5.57,28.29,70.96,235.36,240.57,127.41,4.174
groundnut,5.68,19.93,41.66,86.58,102.35,779.05,5.658
groundnut,6.15,27.72,87.84,154.81,297.56,542.91,4.88
groundnut,6.24,18.67,58.16,263.72,79.81,746.82,5.307
soybean,6.28,26.29,89.49,124.87,154.46,304.28,6.017
cotton,6.26,33.09,60.21,268.66,272.31,246.88,3.881
cotton,6.19,28.64,85.52,145.9,176.28,771.08,4.797
cotton,7.26,32.57,58.75,211.7,53.1,379.58,4.841
rice,6.67,21.42,79.5,324.3,78.15,738.45,6.646
sugarcane,5.68,21.03,74.42,340.79,152.2,584.95,71.06
wheat,5.81,31.43,43.21,117.92,214.04,698.45,6.421
soybean,6.29,26.22,79.51,217.05,245.82,402.19,5.275
wheat,6.21,22.79,82.04,67.55,149.15,359,5.742
wheat,7.23,29.79,71.25,55.15,237.01,164.07,6.318
wheat,6.86,27.2,88.04,91.98,234.48,189.85,5.334
sugarcane,6.02,27.15,66.64,273.17,125.96,478.37,72.138
rice,6.81,32.96,50.7,390.21,85.7,170.79,7.047
maize,6.59,29.92,86.78,282.99,116.27,499.39,9.11
groundnut,5.6,33.07,68.11,138.23,288.72,438.35,4.929
rice,6.52,20.61,70.81,104.31,194.17,678.39,5.582
cotton,7.13,23.11,47.48,129.22,167.14,397.41,4.716
maize,6.79,31.28,61.6,258.17,137.17,328.7,9.012
soybean,6.86,23.94,50.63,181.02,118.02,161.82,5.286
rice,6.42,18.43,68.52,227.37,260,507.25,5.814
soybean,7.48,29.15,67.1,317.92,260.02,664.7,3.189
groundnut,7.37,21.82,63.41,137.68,70.02,382.26,4.889
maize,6.44,34.77,61.27,261.43,63.63,689.55,7.512
maize,7.16,34.67,56.21,132.51,132.72,768.25,8.627
soybean,6.94,22.34,44.46,77.54,156.54,762.09,4.04
soybean,6.86,28.93,83.06,220.25,83.61,302.58,4.495
soybean,6.09,30.85,59.13,193.91,218.18,649,6.079
soybean,6.66,20.21,88.37,333.99,77.43,185.23,4.662
sugarcane,5.82,19.45,59.07,344.69,276.72,150.32,71.617
sugarcane,6.93,32.98,71.93,185.68,156.44,152.73,73.219
cotton,6.27,20.15,59.28,235.62,199.71,755.06,4.166
soybean,6.02,22.74,85.47,277.23,70.43,194.77,4.94
cotton,6.34,19.64,42,217.66,199.82,155.19,4.678
maize,6.58,30.22,50.77,302.67,252.67,388.33,6.225
rice,5.98,29.63,44.26,135.65,263.83,508.07,5.768
cotton,6.08,21.97,76.8,52.75,184.81,655.64,3.763
sugarcane,7.17,30.89,56.06,86.06,67.95,165.99,72.003
soybean,6.94,20.56,84.16,108.46,105.7,189.64,5.574
soybean,5.85,29.61,61.36,257.04,233.52,460.46,5.553
wheat,5.78,24.63,54.21,306.52,77.18,626.44,5.791
maize,5.82,20.85,73.09,242.65,80.52,178.89,7.932
maize,7.17,28.42,48.62,57.26,57.9,455.16,6.016
wheat,6.15,28.68,48.63,140.52,167.02,263.14,5.597
sugarcane,6.67,26.3,49.33,363.15,112.13,163.92,73.443
wheat,7.1,30.36,79.67,284.84,217.46,567.15,6.155
rice,6.34,28.43,78.08,241,206.91,754.68,5.808
groundnut,6.19,21.29,49.92,306.42,203.53,244.44,5.452
rice,5.54,24.62,74.57,293.26,157.53,583.75,5.658
soybean,7.4,32,64.05,285.91,158.75,491.11,5.908
wheat,7.15,22.03,56.18,218.46,199.17,301.15,5.658
wheat,7.46,24.39,50.02,194.94,203.5,249.45,6.36
soybean,7.03,18.4,58.77,88.76,138.12,221.48,4.892
cotton,7.42,25.79,66.15,133.93,272.97,779.82,3.925
maize,7.27,19.43,65.83,128.77,152.69,713.79,7.018
groundnut,6.81,32.47,86.58,390.4,245.28,197.79,4.786
cotton,7.16,25.23,43.09,244.89,92.82,775.86,5.379
cotton,7.01,31.66,67.65,221,78.48,158.77,4.827
rice,5.7,27.55,60.57,300.29,171.75,397.73,6.049
maize,6.04,18.66,82.39,352.35,199.06,502.1,7.974
wheat,6.65,22.97,60.11,317.63,110.98,687.19,6.288
soybean,6.35,33.97,61.43,175.43,160.13,463.62,4.354
maize,7.08,27.41,43.69,150.07,141.68,535.2,7.658
soybean,7.01,22.51,55.5,234.77,103.98,719.13,4.008
maize,6.12,25.54,46.03,91.98,231.47,498.8,5.931
sugarcane,5.62,22.03,61.31,305.7,206.08,266.33,72.088
wheat,6.77,30.24,48.04,271.43,63.12,305.29,5.199
soybean,5.51,25.89,41.23,368.04,179.6,152.46,5.37
maize,5.57,34.83,64.11,250.23,203.98,652.77,8.139
soybean,5.82,21.08,68.28,273.06,234.85,226.74,6.473
sugarcane,6.05,22.19,68.18,334.09,236.63,491.97,72.547
maize,6.01,23.18,58,197.19,74.72,129.65,6.073
